INSERT INTO T_BRUKER VALUES ('Messi');
INSERT INTO T_BRUKER VALUES ('Ronaldo');
INSERT INTO T_BRUKER VALUES ('Neymar');
INSERT INTO T_BRUKER VALUES ('Bendtner');
INSERT INTO T_BRUKER VALUES ('G-Barry');
INSERT INTO T_BRUKER VALUES ('Sane');
INSERT INTO T_BRUKER VALUES ('Firmino');
INSERT INTO T_BRUKER VALUES ('Jesus');
INSERT INTO T_BRUKER VALUES ('Salah');
INSERT INTO T_BRUKER VALUES ('Pogba');
INSERT INTO T_BRUKER VALUES ('HurriKane');
INSERT INTO T_BRUKER VALUES ('Z990651');

INSERT INTO T_TEAM (ID, NAVN, BESKRIVELSE, DATO_OPPRETTET, EIER)
VALUES (1000000 , 'Rio De Janeiro', 'En gruppe fylt med brasilianere', CURRENT_DATE, 'Neymar');

INSERT INTO T_TEAM (ID, NAVN, BESKRIVELSE, DATO_OPPRETTET, EIER)
VALUES (2000000 , 'You Never Walk Alone', 'En gruppe med scousers', CURRENT_DATE, 'Salah');

INSERT INTO T_TEAM_MEDLEMMER VALUES( (SELECT ID FROM T_TEAM WHERE EIER='Neymar'),'Neymar');
INSERT INTO T_TEAM_MEDLEMMER VALUES( (SELECT ID FROM T_TEAM WHERE EIER='Neymar'),'Firmino');
INSERT INTO T_TEAM_MEDLEMMER VALUES( (SELECT ID FROM T_TEAM WHERE EIER='Neymar'),'Jesus');
INSERT INTO T_TEAM_MEDLEMMER VALUES( (SELECT ID FROM T_TEAM WHERE EIER='Salah'),'Salah');
INSERT INTO T_TEAM_MEDLEMMER VALUES( (SELECT ID FROM T_TEAM WHERE EIER='Salah'),'Firmino');
INSERT INTO T_TEAM_MEDLEMMER VALUES( (SELECT ID FROM T_TEAM WHERE EIER='Salah'),'G-Barry');

INSERT INTO T_TESTGRUPPE (ID, NAVN, OPPRETTET_AV, DATO_ENDRET, SIST_ENDRET_AV, TILHOERER_TEAM)
VALUES (1000000, 'Varm testgruppe', 'Neymar', CURRENT_DATE, 'Neymar',1000000);

INSERT INTO T_TESTGRUPPE (ID, NAVN, OPPRETTET_AV, DATO_ENDRET, SIST_ENDRET_AV, TILHOERER_TEAM)
VALUES (2000000, 'Pint testgruppe', 'Neymar', CURRENT_DATE, 'Salah',2000000);

INSERT INTO T_TEST_IDENT VALUES (12345678912, 1000000);
INSERT INTO T_TEST_IDENT VALUES (98765432198, 1000000);
INSERT INTO T_TEST_IDENT VALUES (12121212129, 1000000);

INSERT INTO T_TEST_IDENT VALUES (98989898981, 2000000);
INSERT INTO T_TEST_IDENT VALUES (67676767671, 2000000);

-- CREATE TABLE T_TEST_IDENT (
--   IDENT            NUMBER(11) PRIMARY KEY,
--   TILHOERER_GRUPPE NUMBER(9) NOT NULL
-- );
--
-- CREATE TABLE T_TESTGRUPPE (
--   ID             NUMBER(9) PRIMARY KEY,
--   NAVN           VARCHAR2(50) NOT NULL,
--   OPPRETTET_AV   VARCHAR2(10) NOT NULL,
--   DATO_ENDRET    DATE    NOT NULL,
--   SIST_ENDRET_AV VARCHAR2(10) NOT NULL,
--   TILHOERER_TEAM NUMBER(9)    NOT NULL
-- );
--
-- CREATE TABLE T_TEAM (
--   ID             NUMBER(9) PRIMARY KEY,
--   NAVN           VARCHAR2(50) NOT NULL UNIQUE,
--   BESKRIVELSE    VARCHAR2(200),
--   DATO_OPPRETTET DATE    NOT NULL,
--   EIER           VARCHAR2(10) NOT NULL
-- );
--
-- CREATE TABLE T_BRUKER (
--   NAV_IDENT       VARCHAR2(10) PRIMARY KEY
-- );
--
-- CREATE TABLE TEAM_MEDLEMMER (
--   TEAM_ID   NUMBER(9) NOT NULL,
--   BRUKER_ID VARCHAR2(10) NOT NULL
-- );
--
-- CREATE TABLE BRUKER_FAVORITTER (
--   TESTGRUPPE_ID   NUMBER(9) NOT NULL,
--   BRUKER_ID VARCHAR2(10) NOT NULL
-- );



