INSERT INTO T_BRUKER VALUES ('Messi');
INSERT INTO T_BRUKER VALUES ('Ronaldo');
INSERT INTO T_BRUKER VALUES ('Neymar');
INSERT INTO T_BRUKER VALUES ('Bendtner');
INSERT INTO T_BRUKER VALUES ('G-Barry');
INSERT INTO T_BRUKER VALUES ('Sane');
INSERT INTO T_BRUKER VALUES ('Firmino');
INSERT INTO T_BRUKER VALUES ('Jesus');
INSERT INTO T_BRUKER VALUES ('Salah');
INSERT INTO T_BRUKER VALUES ('Pogba');
INSERT INTO T_BRUKER VALUES ('HurriKane');
INSERT INTO T_BRUKER VALUES ('Z990651');

INSERT INTO T_TEAM (ID, NAVN, BESKRIVELSE, DATO_OPPRETTET, EIER)
VALUES (1000000 , 'Rio De Janeiro', 'En gruppe fylt med brasilianere', CURRENT_DATE, 'Neymar');

INSERT INTO T_TEAM (ID, NAVN, BESKRIVELSE, DATO_OPPRETTET, EIER)
VALUES (3000000 , 'Ekte team', 'Test team', CURRENT_DATE, 'Z990651');

INSERT INTO T_TEAM (ID, NAVN, BESKRIVELSE, DATO_OPPRETTET, EIER)
VALUES (2000000 , 'You Never Walk Alone', 'En gruppe med scousers', CURRENT_DATE, 'Salah');

INSERT INTO T_TEAM_MEDLEMMER VALUES( (SELECT ID FROM T_TEAM WHERE EIER='Neymar' AND NAVN='Rio De Janeiro'),'Neymar');
INSERT INTO T_TEAM_MEDLEMMER VALUES( (SELECT ID FROM T_TEAM WHERE EIER='Neymar' AND NAVN='Rio De Janeiro'),'Firmino');
INSERT INTO T_TEAM_MEDLEMMER VALUES( (SELECT ID FROM T_TEAM WHERE EIER='Neymar' AND NAVN='Rio De Janeiro'),'Jesus');

INSERT INTO T_TEAM_MEDLEMMER VALUES( (SELECT ID FROM T_TEAM WHERE EIER='Salah'),'Salah');
INSERT INTO T_TEAM_MEDLEMMER VALUES( (SELECT ID FROM T_TEAM WHERE EIER='Salah'),'Firmino');
INSERT INTO T_TEAM_MEDLEMMER VALUES( (SELECT ID FROM T_TEAM WHERE EIER='Salah'),'G-Barry');
INSERT INTO T_TEAM_MEDLEMMER VALUES( (SELECT ID FROM T_TEAM WHERE EIER='Salah'),'Neymar');

INSERT INTO T_TEAM_MEDLEMMER VALUES( (SELECT ID FROM T_TEAM WHERE EIER='Z990651'),'Z990651');
INSERT INTO T_TEAM_MEDLEMMER VALUES( (SELECT ID FROM T_TEAM WHERE EIER='Z990651'),'Firmino');

INSERT INTO T_TESTGRUPPE (ID, NAVN, HENSIKT, OPPRETTET_AV, DATO_ENDRET, SIST_ENDRET_AV, TILHOERER_TEAM)
VALUES (1000000, 'Varm testgruppe', 'Testing er hensikt' ,'Neymar', CURRENT_DATE, 'Neymar', 1000000);

INSERT INTO T_TESTGRUPPE (ID, NAVN, HENSIKT, OPPRETTET_AV, DATO_ENDRET, SIST_ENDRET_AV, TILHOERER_TEAM)
VALUES (2000000, 'Pint testgruppe','Hensikts string' ,'Neymar', CURRENT_DATE, 'Salah', (SELECT ID FROM T_TEAM WHERE EIER='Salah'));

INSERT INTO T_TESTGRUPPE (ID, NAVN, HENSIKT, OPPRETTET_AV, DATO_ENDRET, SIST_ENDRET_AV, TILHOERER_TEAM)
VALUES (3000000, 'NyTestgruppe', 'Testing er hensikt', 'Z990651', CURRENT_DATE, 'Z990651',3000000);

INSERT INTO T_TEST_IDENT VALUES (12345678912, 1000000);
INSERT INTO T_TEST_IDENT VALUES (98765432198, 1000000);
INSERT INTO T_TEST_IDENT VALUES (12121212129, 1000000);

INSERT INTO T_TEST_IDENT VALUES (98989898981, 2000000);
INSERT INTO T_TEST_IDENT VALUES (67676767671, 2000000);
